<?xml version="1.0" encoding="UTF-8"?>
<!DOCTYPE codetemplates PUBLIC "-//NetBeans//DTD Editor Code Templates settings 1.0//EN" "http://www.netbeans.org/dtds/EditorCodeTemplates-1_0.dtd">
<codetemplates>
    <codetemplate abbreviation="fcoms" xml:space="preserve">
        <code><![CDATA[// <editor-fold defaultstate="collapsed" desc="${comment}">]]></code>
    </codetemplate>
    <codetemplate abbreviation="fcomp" xml:space="preserve">
        <code><![CDATA[// </editor-fold>]]></code>
    </codetemplate>
</codetemplates>
